{
  "project_info": {
    "project_number": "274159895482",
    "project_id": "my-project-madmah",
    "storage_bucket": "my-project-madmah.appspot.com"
  },
  "client": [
    {
      "client_info": {
        "mobilesdk_app_id": "1:274159895482:android:63d409c92a54a4df661383",
        "android_client_info": {
          "package_name": "com.example.myapplication"
        }
      },
      "oauth_client": [
        {
          "client_id": "274159895482-f0orqdbe5tj7ob36j2qi8fjq1mafg66q.apps.googleusercontent.com",
          "client_type": 3
        }
      ],
      "api_key": [
        {
          "current_key": "AIzaSyBdTiEl8h4J5KtLF8VhPZdn2cqocI3B_DA"
        }
      ],
      "services": {
        "appinvite_service": {
          "other_platform_oauth_client": [
            {
              "client_id": "274159895482-f0orqdbe5tj7ob36j2qi8fjq1mafg66q.apps.googleusercontent.com",
              "client_type": 3
            }
          ]
        }
      }
    }
  ],
  "configuration_version": "1"
}